bring about	to cause something to happen	neden olmak, yol açmak
call off	to cancel an event or agreement	iptal etmek
carry out	to perform or conduct a task or experiment	yürütmek, gerçekleştirmek
cope with	to deal successfully with a difficult situation	başa çıkmak, üstesinden gelmek
give up	to stop trying or doing something	vazgeçmek, bırakmak
look into	to investigate or examine the facts	araştırmak, incelemek
make up for	to compensate for something bad or missing	telafi etmek
put off	to postpone or delay something	ertelemek
rely on	to depend on with confidence	güvenmek, bel bağlamak
turn down	to reject or refuse an offer or request	reddetmek, geri çevirmek
