abandon	to leave behind or give up completely	terk etmek, vazgeçmek
accurate	correct in all details and exact	doğru, hatasız, kesin
comprehensive	including or dealing with all or nearly all elements	kapsamlı, detaylı
deteriorate	to become progressively worse in quality or condition	kötüleşmek, bozulmak
enhance	to intensify, increase, or further improve the quality	artırmak, geliştirmek
fluctuate	to rise and fall irregularly in number or amount	dalgalanmak, değişkenlik göstermek
inevitable	certain to happen and unavoidable	kaçınılmaz
pioneer	a person who begins or helps develop something new	öncü, çığır açan
reluctant	unwilling and hesitant to do something	isteksiz, tereddütlü
ubiquitous	present, appearing, or found everywhere	her yerde bulunan, yaygın
