considerably	to a notably large or significant extent	önemli ölçüde, oldukça
drastically	in a severe, sudden, or extreme manner	ciddi derecede, kökten, sertçe
exclusively	only and entirely for a specific purpose or group	yalnızca, sadece, özel olarak
gradually	slowly over a period of time or in stages	yavaş yavaş, kademeli olarak
inevitably	in a way that cannot be avoided or prevented	kaçınılmaz bir şekilde
mutually	with mutual action or relationship; reciprocally	karşılıklı olarak
predominantly	mainly, for the most part, or primarily	ağırlıklı olarak, çoğunlukla
remarkably	in a worthy of notice or astonishing way	dikkat çekici derecede, olağanüstü
scarcely	only just or almost not at all	hemen hemen hiç, güçbela
substantially	to a great or significant degree	büyük ölçüde, esaslı şekilde
